{"cameraMode":{"drawMode":0,"name":"Shaded","section":"Shading Mode"},"sceneLighting":false,"audioPlay":false,"sceneViewState":{"m_AlwaysRefresh":false,"showFog":true,"showSkybox":false,"showFlares":true,"showImageEffects":true,"showParticleSystems":true,"showVisualEffectGraphs":true,"m_FxEnabled":false},"in2DMode":false,"pivot":{"x":6.460000038146973,"y":0.40227800607681277,"z":6.2095947265625},"rotation":{"x":-0.39655402302742007,"y":-0.009765059687197209,"z":0.0027307376731187107,"w":-0.9182327389717102},"size":0.8013022541999817,"orthographic":false}