{"cameraMode":{"drawMode":0,"name":"Shaded","section":"Shading Mode"},"sceneLighting":true,"audioPlay":false,"sceneViewState":{"m_AlwaysRefresh":false,"showFog":true,"showSkybox":true,"showFlares":true,"showImageEffects":true,"showParticleSystems":true,"showVisualEffectGraphs":true,"m_FxEnabled":false},"in2DMode":false,"pivot":{"x":10.989920616149903,"y":-15.258855819702149,"z":20.434879302978517},"rotation":{"x":-0.42800113558769228,"y":-0.00839510653167963,"z":0.0022281771525740625,"w":-0.9040302038192749},"size":14.296769142150879,"orthographic":false}