{"cameraMode":{"drawMode":0,"name":"Shaded","section":"Shading Mode"},"sceneLighting":true,"audioPlay":false,"sceneViewState":{"m_AlwaysRefresh":false,"showFog":true,"showSkybox":true,"showFlares":true,"showImageEffects":true,"showParticleSystems":true,"showVisualEffectGraphs":true,"m_FxEnabled":false},"in2DMode":false,"pivot":{"x":10.808557510375977,"y":-9.35122013092041,"z":21.602819442749025},"rotation":{"x":-0.34359362721443179,"y":0.004129841923713684,"z":-0.00315627409145236,"w":-0.9393808245658875},"size":12.528210639953614,"orthographic":false}